beam,model,support_index,node,x_m,Rx_kN,Ry_kN,Mz_kNm
A,pure,0,1,0.0,0.0,22.223207065127614,1.777417306218776e-10
A,pure,1,61,6.03,0.0,56.39983558248245,6.31033003628545e-11
A,pure,2,121,11.47,0.0,38.06023349404661,1.6372680988752109e-10
A,pure,3,181,15.7,0.0,13.562010416397843,-3.227865023880394e-14
A,subframe,0,182,0.0,7.061094802957797,24.952124965499458,-6.531203083090739
A,subframe,1,183,6.03,-2.915918864300637,52.086234225642016,3.3336699378155386
A,subframe,2,184,11.47,-1.0393651499030796,38.178029562443626,1.397725916636002
A,subframe,3,185,15.7,-3.1058107887658086,15.028897803339015,3.4295705227113835
B,pure,0,1,0.0,0.0,16.337457845787057,-1.7200731529214142e-10
B,pure,1,61,2.9899999999999998,0.0,75.91520293594051,-7.979394922585925e-11
B,pure,2,121,7.4,0.0,78.19240941985578,4.106937012693379e-11
B,pure,3,181,10.5,0.0,18.35338576309435,-2.806338061239755e-13
B,subframe,0,182,0.0,1.844686280949844,19.152572140746365,-1.8312447157119847
B,subframe,1,183,2.9899999999999998,2.6730729573682908,73.19926109514762,-2.6741581068103724
B,subframe,2,184,7.4,-2.3888314531415746,75.20075829599038,2.3352733667685057
B,subframe,3,185,10.5,-2.128927785175449,21.24586443196568,2.057987835733282
