beam_id,location_grid,start_m,end_m,span_m,depth_m,bordering_panels,support_class,load_shape,tributary_area_m2,mean_tributary_width_m,dead_eq_kN_m,live_eq_kN_m,total_eq_kN_m,dead_moment_eq_kN_m,live_moment_eq_kN_m,total_moment_eq_kN_m,equivalence_basis
H0-1,"y=1.00 m, x-grid 0-1","(0.20,1.00)","(3.19,1.00)",2.990,0.600 assumed,P1; P10 (cantilever balcony where overlapping),two loaded sides locally (main slab + balcony),45/60/30 panel polygon + balcony cantilever UDL,3.846,1.286,4.824,6.432,11.255,5.877,7.835,13.712,load-equivalent preserves total load; moment-equivalent preserves simply-supported midspan moment; exact profile retained in OpenSees
H0-2,"y=1.00 m, x-grid 1-2","(3.19,1.00)","(7.60,1.00)",4.410,0.600 assumed,P2; P10 (cantilever balcony where overlapping),two loaded sides locally (main slab + balcony),45/60/30 panel polygon + balcony cantilever UDL,7.205,1.634,6.127,8.169,14.295,6.920,9.227,16.146,load-equivalent preserves total load; moment-equivalent preserves simply-supported midspan moment; exact profile retained in OpenSees
H0-3,"y=1.00 m, x-grid 2-3","(7.60,1.00)","(10.70,1.00)",3.100,0.600 assumed,P3; P10 (cantilever balcony where overlapping),two loaded sides locally (main slab + balcony),45/60/30 panel polygon + balcony cantilever UDL,4.069,1.313,4.922,6.563,11.485,5.998,7.997,13.995,load-equivalent preserves total load; moment-equivalent preserves simply-supported midspan moment; exact profile retained in OpenSees
H1-1,"y=7.03 m, x-grid 0-1","(0.20,7.03)","(3.19,7.03)",2.990,0.600 assumed,P1; P4,"interior, slab on both sides",two-sided superposed 45/60/30 polygons,5.723,1.914,7.177,9.570,16.747,9.191,12.255,21.445,load-equivalent preserves total load; moment-equivalent preserves simply-supported midspan moment; exact profile retained in OpenSees
H1-2,"y=7.03 m, x-grid 1-2","(3.19,7.03)","(7.60,7.03)",4.410,0.600 assumed,P2; P5,"interior, slab on both sides",two-sided superposed 45/60/30 polygons,9.707,2.201,8.254,11.005,19.259,10.965,14.620,25.585,load-equivalent preserves total load; moment-equivalent preserves simply-supported midspan moment; exact profile retained in OpenSees
H1-3,"y=7.03 m, x-grid 2-3","(7.60,7.03)","(10.70,7.03)",3.100,0.600 assumed,P3; P6,"interior, slab on both sides",two-sided superposed 45/60/30 polygons,6.148,1.983,7.437,9.915,17.352,9.512,12.682,22.194,load-equivalent preserves total load; moment-equivalent preserves simply-supported midspan moment; exact profile retained in OpenSees
H2-1,"y=12.47 m, x-grid 0-1","(0.20,12.47)","(3.19,12.47)",2.990,0.600 assumed,P4; P7,"interior, slab on both sides",two-sided superposed 45/60/30 polygons,5.723,1.914,7.177,9.570,16.747,9.191,12.255,21.445,load-equivalent preserves total load; moment-equivalent preserves simply-supported midspan moment; exact profile retained in OpenSees
H2-2,"y=12.47 m, x-grid 1-2","(3.19,12.47)","(7.60,12.47)",4.410,0.600 assumed,P5; P8,"interior, slab on both sides",two-sided superposed 45/60/30 polygons,8.220,1.864,6.990,9.319,16.309,9.189,12.251,21.440,load-equivalent preserves total load; moment-equivalent preserves simply-supported midspan moment; exact profile retained in OpenSees
H2-3,"y=12.47 m, x-grid 2-3","(7.60,12.47)","(10.70,12.47)",3.100,0.600 assumed,P6; P9,"interior, slab on both sides",two-sided superposed 45/60/30 polygons,6.148,1.983,7.437,9.915,17.352,9.512,12.682,22.194,load-equivalent preserves total load; moment-equivalent preserves simply-supported midspan moment; exact profile retained in OpenSees
H3-1,"y=16.70 m, x-grid 0-1","(0.20,16.70)","(3.19,16.70)",2.990,0.600 assumed,P7; P11 (cantilever balcony where overlapping),two loaded sides locally (main slab + balcony),45/60/30 panel polygon + balcony cantilever UDL,4.000,1.338,5.016,6.688,11.705,5.959,7.945,13.904,load-equivalent preserves total load; moment-equivalent preserves simply-supported midspan moment; exact profile retained in OpenSees
H3-2,"y=16.70 m, x-grid 1-2","(3.19,16.70)","(7.60,16.70)",4.410,0.600 assumed,P8; P11 (cantilever balcony where overlapping),two loaded sides locally (main slab + balcony),45/60/30 panel polygon + balcony cantilever UDL,7.150,1.621,6.080,8.107,14.187,6.916,9.221,16.137,load-equivalent preserves total load; moment-equivalent preserves simply-supported midspan moment; exact profile retained in OpenSees
H3-3,"y=16.70 m, x-grid 2-3","(7.60,16.70)","(10.70,16.70)",3.100,0.600 assumed,P9; P11 (cantilever balcony where overlapping),two loaded sides locally (main slab + balcony),45/60/30 panel polygon + balcony cantilever UDL,4.184,1.350,5.062,6.749,11.811,6.078,8.104,14.182,load-equivalent preserves total load; moment-equivalent preserves simply-supported midspan moment; exact profile retained in OpenSees
V0-1,"x=0.20 m, y-grid 0-1","(0.20,1.00)","(0.20,7.03)",6.030,0.600 assumed,P1,"perimeter, slab on one side",one-sided mixed-support 45/60/30 polygon,6.145,1.019,3.822,5.095,8.917,4.497,5.995,10.492,load-equivalent preserves total load; moment-equivalent preserves simply-supported midspan moment; exact profile retained in OpenSees
V0-2,"x=0.20 m, y-grid 1-2","(0.20,7.03)","(0.20,12.47)",5.440,0.600 assumed,P4,"perimeter, slab on one side",one-sided mixed-support 45/60/30 polygon,4.918,0.904,3.390,4.520,7.911,4.190,5.587,9.777,load-equivalent preserves total load; moment-equivalent preserves simply-supported midspan moment; exact profile retained in OpenSees
V0-3,"x=0.20 m, y-grid 2-3","(0.20,12.47)","(0.20,16.70)",4.230,0.600 assumed,P7,"perimeter, slab on one side",one-sided mixed-support 45/60/30 polygon,3.822,0.903,3.388,4.517,7.906,4.121,5.495,9.616,load-equivalent preserves total load; moment-equivalent preserves simply-supported midspan moment; exact profile retained in OpenSees
V1-1,"x=3.19 m, y-grid 0-1","(3.19,1.00)","(3.19,7.03)",6.030,0.600 assumed,P1; P2,"interior, slab on both sides",two-sided superposed 45/60/30 polygons,18.090,3.000,11.250,15.000,26.250,13.752,18.337,32.089,load-equivalent preserves total load; moment-equivalent preserves simply-supported midspan moment; exact profile retained in OpenSees
V1-2,"x=3.19 m, y-grid 1-2","(3.19,7.03)","(3.19,12.47)",5.440,0.600 assumed,P4; P5,"interior, slab on both sides",two-sided superposed 45/60/30 polygons,9.803,1.802,6.758,9.010,15.768,8.228,10.971,19.199,load-equivalent preserves total load; moment-equivalent preserves simply-supported midspan moment; exact profile retained in OpenSees
V1-3,"x=3.19 m, y-grid 2-3","(3.19,12.47)","(3.19,16.70)",4.230,0.600 assumed,P7; P8,"interior, slab on both sides",two-sided superposed 45/60/30 polygons,10.687,2.526,9.474,12.632,22.106,12.029,16.039,28.069,load-equivalent preserves total load; moment-equivalent preserves simply-supported midspan moment; exact profile retained in OpenSees
V2-1,"x=7.60 m, y-grid 0-1","(7.60,1.00)","(7.60,7.03)",6.030,0.600 assumed,P2; P3,"interior, slab on both sides",two-sided superposed 45/60/30 polygons,18.233,3.024,11.339,15.119,26.458,13.902,18.536,32.437,load-equivalent preserves total load; moment-equivalent preserves simply-supported midspan moment; exact profile retained in OpenSees
V2-2,"x=7.60 m, y-grid 1-2","(7.60,7.03)","(7.60,12.47)",5.440,0.600 assumed,P5; P6,"interior, slab on both sides",two-sided superposed 45/60/30 polygons,10.352,1.903,7.136,9.515,16.651,8.553,11.404,19.956,load-equivalent preserves total load; moment-equivalent preserves simply-supported midspan moment; exact profile retained in OpenSees
V2-3,"x=7.60 m, y-grid 2-3","(7.60,12.47)","(7.60,16.70)",4.230,0.600 assumed,P8; P9,"interior, slab on both sides",two-sided superposed 45/60/30 polygons,10.804,2.554,9.578,12.771,22.349,12.172,16.229,28.400,load-equivalent preserves total load; moment-equivalent preserves simply-supported midspan moment; exact profile retained in OpenSees
V3-1,"x=10.70 m, y-grid 0-1","(10.70,1.00)","(10.70,7.03)",6.030,0.600 assumed,P3,"perimeter, slab on one side",one-sided mixed-support 45/60/30 polygon,6.264,1.039,3.895,5.194,9.089,4.605,6.139,10.744,load-equivalent preserves total load; moment-equivalent preserves simply-supported midspan moment; exact profile retained in OpenSees
V3-2,"x=10.70 m, y-grid 1-2","(10.70,7.03)","(10.70,12.47)",5.440,0.600 assumed,P6,"perimeter, slab on one side",one-sided mixed-support 45/60/30 polygon,4.981,0.916,3.433,4.578,8.011,4.264,5.685,9.948,load-equivalent preserves total load; moment-equivalent preserves simply-supported midspan moment; exact profile retained in OpenSees
V3-3,"x=10.70 m, y-grid 2-3","(10.70,12.47)","(10.70,16.70)",4.230,0.600 assumed,P9,"perimeter, slab on one side",one-sided mixed-support 45/60/30 polygon,3.908,0.924,3.465,4.620,8.084,4.182,5.575,9.757,load-equivalent preserves total load; moment-equivalent preserves simply-supported midspan moment; exact profile retained in OpenSees
