id,type,size_mm,x_m,y_m,tributary_area_m2,dead_load_1floor_kN,live_load_1floor_kN,total_load_1floor_kN,base_load_5storey_kN
C1,Column,400x400,0.200,7.030,4.051,15.189,20.253,35.442,177.210
C2,Column,400x400,7.600,7.030,4.977,18.662,24.883,43.546,217.729
C3,Column,400x400,10.700,7.030,3.867,14.503,19.337,33.839,169.197
C4,Column,400x400,0.200,12.470,5.485,20.568,27.425,47.993,239.965
C5,Column,400x400,10.700,12.470,5.169,19.382,25.843,45.225,226.126
C6,Column,400x400,3.190,16.700,10.694,40.101,53.468,93.568,467.841
C7,Column,400x400,7.600,16.700,10.823,40.588,54.117,94.705,473.527
T1,Wall,250x2000,0.125,4.015,11.502,43.133,57.510,100.643,503.216
T2,Wall,250x2000,2.095,1.000,15.319,57.446,76.595,134.042,670.209
T3,Wall,250x2000,8.750,1.000,15.726,58.972,78.629,137.600,688.001
T4,Wall,250x2000,10.775,4.015,11.590,43.463,57.950,101.413,507.065
T5,Wall,250x2600,5.395,7.030,24.798,92.993,123.990,216.983,1084.917
T6,Wall,250x2000,3.190,11.405,11.160,41.849,55.799,97.648,488.240
T7,Wall,250x2850,4.570,10.630,3.361,12.606,16.807,29.413,147.065
T8,Wall,250x2850,7.600,10.630,10.314,38.679,51.572,90.251,451.255
T9,Wall,250x4500,5.670,12.470,17.657,66.213,88.284,154.497,772.486
T10,Wall,250x2000,0.125,15.835,6.817,25.565,34.087,59.652,298.259
T11,Wall,250x2000,10.775,15.835,6.819,25.570,34.093,59.662,298.312
