beam_id,location_grid,start_m,end_m,span_m,depth_m,bordering_panels,support_class,load_shape,tributary_area_m2,mean_tributary_width_m,dead_eq_kN_m,live_eq_kN_m,total_eq_kN_m,equivalence_basis
H0-1,"y=1.00 m, x-grid 0-1","(0.20,1.00)","(3.19,1.00)",2.990,0.600 assumed,P1; P10 (cantilever balcony where overlapping),two loaded sides locally (main slab + balcony),two-way triangle/trapezoid + balcony cantilever UDL,4.449,1.488,5.580,7.439,13.019,same total load; exact profile retained for OpenSees and moment shape
H0-2,"y=1.00 m, x-grid 1-2","(3.19,1.00)","(7.60,1.00)",4.410,0.600 assumed,P2; P10 (cantilever balcony where overlapping),two loaded sides locally (main slab + balcony),two-way triangle/trapezoid + balcony cantilever UDL,9.281,2.105,7.892,10.523,18.416,same total load; exact profile retained for OpenSees and moment shape
H0-3,"y=1.00 m, x-grid 2-3","(7.60,1.00)","(10.70,1.00)",3.100,0.600 assumed,P3; P10 (cantilever balcony where overlapping),two loaded sides locally (main slab + balcony),two-way triangle/trapezoid + balcony cantilever UDL,4.706,1.518,5.693,7.591,13.284,same total load; exact profile retained for OpenSees and moment shape
H1-1,"y=7.03 m, x-grid 0-1","(0.20,7.03)","(3.19,7.03)",2.990,0.600 assumed,P1; P4,"interior, slab on both sides",two-sided superposed triangle/trapezoid,4.473,1.496,5.610,7.480,13.089,same total load; exact profile retained for OpenSees and moment shape
H1-2,"y=7.03 m, x-grid 1-2","(3.19,7.03)","(7.60,7.03)",4.410,0.600 assumed,P2; P5,"interior, slab on both sides",two-sided superposed triangle/trapezoid,9.707,2.201,8.254,11.005,19.259,same total load; exact profile retained for OpenSees and moment shape
H1-3,"y=7.03 m, x-grid 2-3","(7.60,7.03)","(10.70,7.03)",3.100,0.600 assumed,P3; P6,"interior, slab on both sides",two-sided superposed triangle/trapezoid,4.808,1.551,5.816,7.755,13.571,same total load; exact profile retained for OpenSees and moment shape
H2-1,"y=12.47 m, x-grid 0-1","(0.20,12.47)","(3.19,12.47)",2.990,0.600 assumed,P4; P7,"interior, slab on both sides",two-sided superposed triangle/trapezoid,4.473,1.496,5.610,7.480,13.089,same total load; exact profile retained for OpenSees and moment shape
H2-2,"y=12.47 m, x-grid 1-2","(3.19,12.47)","(7.60,12.47)",4.410,0.600 assumed,P5; P8,"interior, slab on both sides",two-sided superposed triangle/trapezoid,8.210,1.862,6.981,9.308,16.289,same total load; exact profile retained for OpenSees and moment shape
H2-3,"y=12.47 m, x-grid 2-3","(7.60,12.47)","(10.70,12.47)",3.100,0.600 assumed,P6; P9,"interior, slab on both sides",two-sided superposed triangle/trapezoid,4.808,1.551,5.816,7.755,13.571,same total load; exact profile retained for OpenSees and moment shape
H3-1,"y=16.70 m, x-grid 0-1","(0.20,16.70)","(3.19,16.70)",2.990,0.600 assumed,P7; P11 (cantilever balcony where overlapping),two loaded sides locally (main slab + balcony),two-way triangle/trapezoid + balcony cantilever UDL,4.625,1.547,5.800,7.734,13.534,same total load; exact profile retained for OpenSees and moment shape
H3-2,"y=16.70 m, x-grid 1-2","(3.19,16.70)","(7.60,16.70)",4.410,0.600 assumed,P8; P11 (cantilever balcony where overlapping),two loaded sides locally (main slab + balcony),two-way triangle/trapezoid + balcony cantilever UDL,9.247,2.097,7.864,10.485,18.348,same total load; exact profile retained for OpenSees and moment shape
H3-3,"y=16.70 m, x-grid 2-3","(7.60,16.70)","(10.70,16.70)",3.100,0.600 assumed,P9; P11 (cantilever balcony where overlapping),two loaded sides locally (main slab + balcony),two-way triangle/trapezoid + balcony cantilever UDL,4.897,1.580,5.924,7.899,13.822,same total load; exact profile retained for OpenSees and moment shape
V0-1,"x=0.20 m, y-grid 0-1","(0.20,1.00)","(0.20,7.03)",6.030,0.600 assumed,P1,"perimeter, slab on one side",one-sided triangle/trapezoid,7.982,1.324,4.964,6.618,11.582,same total load; exact profile retained for OpenSees and moment shape
V0-2,"x=0.20 m, y-grid 1-2","(0.20,7.03)","(0.20,12.47)",5.440,0.600 assumed,P4,"perimeter, slab on one side",one-sided triangle/trapezoid,6.992,1.285,4.820,6.427,11.246,same total load; exact profile retained for OpenSees and moment shape
V0-3,"x=0.20 m, y-grid 2-3","(0.20,12.47)","(0.20,16.70)",4.230,0.600 assumed,P7,"perimeter, slab on one side",one-sided triangle/trapezoid,4.947,1.169,4.385,5.847,10.232,same total load; exact profile retained for OpenSees and moment shape
V1-1,"x=3.19 m, y-grid 0-1","(3.19,1.00)","(3.19,7.03)",6.030,0.600 assumed,P1; P2,"interior, slab on both sides",two-sided superposed triangle/trapezoid,15.240,2.527,9.478,12.637,22.114,same total load; exact profile retained for OpenSees and moment shape
V1-2,"x=3.19 m, y-grid 1-2","(3.19,7.03)","(3.19,12.47)",5.440,0.600 assumed,P4; P5,"interior, slab on both sides",two-sided superposed triangle/trapezoid,8.980,1.651,6.190,8.253,14.443,same total load; exact profile retained for OpenSees and moment shape
V1-3,"x=3.19 m, y-grid 2-3","(3.19,12.47)","(3.19,16.70)",4.230,0.600 assumed,P7; P8,"interior, slab on both sides",two-sided superposed triangle/trapezoid,8.518,2.014,7.551,10.068,17.619,same total load; exact profile retained for OpenSees and moment shape
V2-1,"x=7.60 m, y-grid 0-1","(7.60,1.00)","(7.60,7.03)",6.030,0.600 assumed,P2; P3,"interior, slab on both sides",two-sided superposed triangle/trapezoid,15.383,2.551,9.567,12.756,22.323,same total load; exact profile retained for OpenSees and moment shape
V2-2,"x=7.60 m, y-grid 1-2","(7.60,7.03)","(7.60,12.47)",5.440,0.600 assumed,P5; P6,"interior, slab on both sides",two-sided superposed triangle/trapezoid,9.584,1.762,6.607,8.809,15.416,same total load; exact profile retained for OpenSees and moment shape
V2-3,"x=7.60 m, y-grid 2-3","(7.60,12.47)","(7.60,16.70)",4.230,0.600 assumed,P8; P9,"interior, slab on both sides",two-sided superposed triangle/trapezoid,8.652,2.045,7.670,10.227,17.896,same total load; exact profile retained for OpenSees and moment shape
V3-1,"x=10.70 m, y-grid 0-1","(10.70,1.00)","(10.70,7.03)",6.030,0.600 assumed,P3,"perimeter, slab on one side",one-sided triangle/trapezoid,8.101,1.343,5.038,6.717,11.755,same total load; exact profile retained for OpenSees and moment shape
V3-2,"x=10.70 m, y-grid 1-2","(10.70,7.03)","(10.70,12.47)",5.440,0.600 assumed,P6,"perimeter, slab on one side",one-sided triangle/trapezoid,7.088,1.303,4.886,6.515,11.401,same total load; exact profile retained for OpenSees and moment shape
V3-3,"x=10.70 m, y-grid 2-3","(10.70,12.47)","(10.70,16.70)",4.230,0.600 assumed,P9,"perimeter, slab on one side",one-sided triangle/trapezoid,4.979,1.177,4.414,5.885,10.299,same total load; exact profile retained for OpenSees and moment shape
